id,Personality
18526,Extrovert
18527,Extrovert
18528,Introvert
18529,Extrovert
18530,Extrovert
18531,Introvert
18535,Extrovert
18537,Extrovert
18538,Introvert
18539,Extrovert
18541,Extrovert
18543,Extrovert
18544,Introvert
18546,Extrovert
18548,Extrovert
18549,Extrovert
18550,Extrovert
18552,Introvert
18553,Introvert
18555,Extrovert
18556,Introvert
18557,Extrovert
18560,Extrovert
18562,Extrovert
18563,Extrovert
18564,Introvert
18565,Introvert
18567,Introvert
18570,Extrovert
18571,Introvert
18572,Extrovert
18573,Extrovert
18575,Extrovert
18577,Extrovert
18578,Extrovert
18579,Extrovert
18580,Extrovert
18581,Extrovert
18582,Introvert
18583,Extrovert
18585,Extrovert
18587,Extrovert
18588,Extrovert
18589,Extrovert
18590,Extrovert
18591,Introvert
18592,Extrovert
18593,Extrovert
18596,Extrovert
18597,Extrovert
18598,Extrovert
18599,Extrovert
18600,Extrovert
18604,Extrovert
18606,Extrovert
18607,Extrovert
18608,Extrovert
18614,Extrovert
18615,Introvert
18616,Extrovert
18618,Extrovert
18621,Extrovert
18622,Extrovert
18625,Extrovert
18626,Extrovert
18627,Extrovert
18629,Extrovert
18632,Extrovert
18634,Extrovert
18638,Extrovert
18639,Extrovert
18641,Extrovert
18642,Extrovert
18643,Introvert
18644,Extrovert
18645,Introvert
18646,Extrovert
18648,Extrovert
18650,Extrovert
18651,Extrovert
18652,Extrovert
18653,Extrovert
18657,Extrovert
18659,Extrovert
18662,Extrovert
18663,Introvert
18664,Extrovert
18666,Extrovert
18667,Extrovert
18668,Extrovert
18671,Extrovert
18673,Introvert
18675,Extrovert
18676,Extrovert
18679,Extrovert
18680,Extrovert
18683,Extrovert
18684,Extrovert
18686,Extrovert
18689,Extrovert
18695,Extrovert
18696,Introvert
18702,Extrovert
18703,Extrovert
18706,Extrovert
18707,Introvert
18711,Introvert
18713,Extrovert
18714,Extrovert
18716,Extrovert
18717,Extrovert
18719,Introvert
18720,Introvert
18721,Extrovert
18722,Extrovert
18724,Introvert
18726,Extrovert
18729,Introvert
18730,Extrovert
18732,Extrovert
18735,Extrovert
18739,Extrovert
18741,Extrovert
18742,Extrovert
18743,Extrovert
18744,Extrovert
18745,Introvert
18748,Extrovert
18749,Extrovert
18750,Extrovert
18754,Extrovert
18758,Introvert
18759,Extrovert
18760,Extrovert
18761,Extrovert
18763,Extrovert
18770,Extrovert
18772,Extrovert
18773,Extrovert
18774,Extrovert
18776,Extrovert
18779,Extrovert
18780,Extrovert
18781,Extrovert
18782,Extrovert
18787,Introvert
18789,Extrovert
18791,Extrovert
18793,Extrovert
18794,Extrovert
18796,Extrovert
18797,Extrovert
18798,Extrovert
18801,Introvert
18806,Extrovert
18809,Extrovert
18810,Extrovert
18811,Extrovert
18812,Extrovert
18813,Extrovert
18814,Extrovert
18815,Extrovert
18817,Extrovert
18822,Introvert
18824,Extrovert
18825,Extrovert
18826,Extrovert
18827,Extrovert
18830,Extrovert
18832,Extrovert
18833,Extrovert
18835,Introvert
18839,Extrovert
18843,Extrovert
18844,Extrovert
18847,Extrovert
18848,Extrovert
18849,Extrovert
18850,Introvert
18852,Extrovert
18853,Extrovert
18854,Extrovert
18855,Extrovert
18859,Extrovert
18862,Extrovert
18863,Extrovert
18864,Introvert
18865,Extrovert
18866,Extrovert
18867,Extrovert
18869,Extrovert
18870,Extrovert
18871,Extrovert
18872,Introvert
18873,Extrovert
18875,Extrovert
18877,Extrovert
18880,Extrovert
18881,Extrovert
18883,Introvert
18886,Extrovert
18888,Extrovert
18889,Extrovert
18890,Introvert
18891,Extrovert
18893,Extrovert
18894,Extrovert
18895,Extrovert
18897,Extrovert
18898,Extrovert
18899,Extrovert
18900,Extrovert
18905,Extrovert
18909,Introvert
18910,Extrovert
18913,Extrovert
18914,Extrovert
18915,Extrovert
18917,Extrovert
18918,Extrovert
18920,Extrovert
18921,Introvert
18922,Extrovert
18925,Introvert
18926,Introvert
18927,Introvert
18929,Extrovert
18930,Extrovert
18931,Extrovert
18934,Extrovert
18935,Extrovert
18936,Extrovert
18940,Extrovert
18944,Introvert
18948,Extrovert
18949,Introvert
18950,Extrovert
18952,Introvert
18954,Extrovert
18960,Extrovert
18961,Extrovert
18962,Extrovert
18964,Extrovert
18965,Extrovert
18970,Extrovert
18972,Introvert
18976,Extrovert
18977,Extrovert
18978,Extrovert
18984,Introvert
18985,Extrovert
18987,Extrovert
18988,Extrovert
18989,Extrovert
18991,Extrovert
18992,Extrovert
18993,Introvert
18994,Extrovert
18995,Extrovert
18996,Extrovert
18999,Introvert
19000,Extrovert
19001,Extrovert
19002,Extrovert
19006,Extrovert
19009,Extrovert
19010,Extrovert
19012,Extrovert
19013,Extrovert
19015,Extrovert
19016,Extrovert
19017,Introvert
19018,Extrovert
19019,Introvert
19024,Extrovert
19025,Extrovert
19026,Extrovert
19028,Extrovert
19029,Extrovert
19030,Introvert
19031,Extrovert
19032,Introvert
19033,Extrovert
19034,Extrovert
19035,Extrovert
19038,Introvert
19039,Extrovert
19040,Extrovert
19043,Introvert
19044,Extrovert
19047,Extrovert
19052,Extrovert
19054,Introvert
19055,Introvert
19056,Extrovert
19057,Extrovert
19058,Extrovert
19059,Extrovert
19060,Extrovert
19061,Extrovert
19062,Extrovert
19063,Extrovert
19064,Extrovert
19065,Extrovert
19066,Introvert
19067,Extrovert
19068,Extrovert
19069,Extrovert
19073,Extrovert
19074,Extrovert
19075,Extrovert
19076,Extrovert
19077,Extrovert
19078,Extrovert
19080,Extrovert
19082,Extrovert
19085,Extrovert
19086,Extrovert
19090,Extrovert
19091,Extrovert
19093,Extrovert
19094,Extrovert
19099,Extrovert
19100,Extrovert
19101,Extrovert
19110,Extrovert
19111,Extrovert
19113,Extrovert
19115,Extrovert
19116,Extrovert
19117,Extrovert
19120,Introvert
19121,Extrovert
19123,Extrovert
19125,Extrovert
19127,Extrovert
19131,Extrovert
19132,Extrovert
19134,Extrovert
19135,Introvert
19136,Extrovert
19137,Extrovert
19140,Extrovert
19141,Extrovert
19142,Introvert
19144,Extrovert
19146,Extrovert
19148,Extrovert
19149,Extrovert
19150,Extrovert
19151,Extrovert
19152,Extrovert
19156,Extrovert
19158,Introvert
19159,Extrovert
19161,Extrovert
19163,Extrovert
19164,Extrovert
19165,Extrovert
19167,Extrovert
19168,Extrovert
19169,Extrovert
19170,Introvert
19172,Extrovert
19176,Introvert
19179,Introvert
19180,Introvert
19183,Extrovert
19185,Introvert
19186,Extrovert
19187,Extrovert
19188,Extrovert
19189,Extrovert
19192,Extrovert
19193,Introvert
19194,Extrovert
19199,Introvert
19203,Extrovert
19205,Extrovert
19206,Introvert
19208,Extrovert
19209,Extrovert
19212,Extrovert
19214,Extrovert
19217,Extrovert
19218,Introvert
19222,Extrovert
19227,Extrovert
19228,Introvert
19230,Extrovert
19231,Extrovert
19232,Extrovert
19234,Extrovert
19236,Extrovert
19237,Extrovert
19239,Extrovert
19242,Extrovert
19243,Extrovert
19245,Extrovert
19246,Introvert
19247,Extrovert
19248,Extrovert
19251,Introvert
19252,Extrovert
19254,Extrovert
19256,Extrovert
19257,Introvert
19258,Extrovert
19260,Extrovert
19261,Extrovert
19269,Extrovert
19270,Extrovert
19271,Introvert
19276,Extrovert
19277,Extrovert
19279,Extrovert
19280,Extrovert
19283,Extrovert
19284,Extrovert
19285,Extrovert
19286,Extrovert
19288,Extrovert
19290,Extrovert
19292,Extrovert
19294,Extrovert
19296,Extrovert
19297,Extrovert
19298,Introvert
19300,Extrovert
19301,Extrovert
19302,Extrovert
19303,Introvert
19304,Extrovert
19305,Extrovert
19308,Extrovert
19313,Extrovert
19314,Extrovert
19316,Extrovert
19317,Extrovert
19321,Extrovert
19322,Extrovert
19324,Extrovert
19326,Extrovert
19327,Extrovert
19328,Extrovert
19329,Introvert
19331,Extrovert
19332,Extrovert
19333,Extrovert
19335,Extrovert
19337,Extrovert
19341,Extrovert
19343,Extrovert
19345,Extrovert
19346,Extrovert
19347,Extrovert
19348,Extrovert
19349,Extrovert
19351,Extrovert
19353,Extrovert
19356,Extrovert
19357,Introvert
19358,Introvert
19360,Introvert
19361,Extrovert
19362,Extrovert
19363,Extrovert
19364,Extrovert
19367,Extrovert
19369,Extrovert
19373,Extrovert
19377,Extrovert
19378,Introvert
19379,Extrovert
19382,Extrovert
19385,Introvert
19386,Introvert
19388,Extrovert
19389,Introvert
19391,Extrovert
19392,Extrovert
19394,Extrovert
19395,Extrovert
19396,Introvert
19400,Extrovert
19402,Extrovert
19406,Extrovert
19407,Extrovert
19408,Extrovert
19410,Extrovert
19412,Introvert
19414,Extrovert
19417,Introvert
19418,Extrovert
19419,Introvert
19420,Introvert
19421,Extrovert
19425,Extrovert
19426,Extrovert
19427,Extrovert
19434,Introvert
19436,Extrovert
19437,Extrovert
19438,Introvert
19439,Introvert
19440,Extrovert
19441,Extrovert
19442,Extrovert
19444,Introvert
19445,Extrovert
19448,Extrovert
19449,Extrovert
19450,Introvert
19453,Extrovert
19454,Extrovert
19455,Extrovert
19457,Extrovert
19458,Extrovert
19459,Extrovert
19461,Extrovert
19464,Extrovert
19468,Extrovert
19469,Introvert
19470,Extrovert
19472,Introvert
19475,Introvert
19477,Extrovert
19478,Extrovert
19481,Extrovert
19482,Introvert
19484,Extrovert
19485,Extrovert
19486,Extrovert
19487,Extrovert
19489,Extrovert
19490,Extrovert
19493,Extrovert
19494,Extrovert
19495,Extrovert
19497,Extrovert
19498,Extrovert
19499,Extrovert
19500,Extrovert
19501,Extrovert
19502,Introvert
19504,Extrovert
19505,Extrovert
19506,Extrovert
19511,Extrovert
19512,Extrovert
19514,Extrovert
19515,Extrovert
19516,Extrovert
19518,Extrovert
19520,Extrovert
19521,Extrovert
19522,Extrovert
19525,Extrovert
19527,Extrovert
19528,Extrovert
19529,Introvert
19531,Introvert
19533,Extrovert
19535,Extrovert
19536,Extrovert
19538,Extrovert
19539,Extrovert
19540,Introvert
19545,Introvert
19546,Introvert
19549,Extrovert
19550,Extrovert
19551,Extrovert
19553,Extrovert
19554,Extrovert
19555,Extrovert
19556,Extrovert
19557,Extrovert
19561,Extrovert
19564,Extrovert
19565,Extrovert
19566,Extrovert
19568,Introvert
19571,Introvert
19574,Extrovert
19576,Extrovert
19577,Extrovert
19578,Extrovert
19580,Extrovert
19581,Extrovert
19585,Extrovert
19587,Extrovert
19589,Extrovert
19590,Extrovert
19591,Extrovert
19593,Extrovert
19596,Introvert
19597,Extrovert
19598,Introvert
19599,Extrovert
19600,Extrovert
19603,Extrovert
19605,Extrovert
19606,Extrovert
19612,Introvert
19615,Introvert
19617,Extrovert
19620,Extrovert
19621,Extrovert
19622,Extrovert
19623,Extrovert
19625,Extrovert
19627,Extrovert
19628,Extrovert
19630,Extrovert
19631,Extrovert
19633,Extrovert
19634,Introvert
19635,Extrovert
19638,Extrovert
19639,Introvert
19640,Extrovert
19641,Extrovert
19644,Extrovert
19647,Introvert
19648,Extrovert
19650,Extrovert
19651,Extrovert
19652,Extrovert
19654,Extrovert
19655,Extrovert
19656,Extrovert
19660,Extrovert
19661,Introvert
19664,Introvert
19665,Extrovert
19666,Extrovert
19669,Extrovert
19670,Extrovert
19672,Extrovert
19675,Extrovert
19676,Extrovert
19677,Extrovert
19680,Extrovert
19681,Extrovert
19684,Extrovert
19685,Extrovert
19689,Extrovert
19690,Extrovert
19693,Introvert
19694,Extrovert
19697,Extrovert
19700,Extrovert
19703,Introvert
19704,Extrovert
19705,Extrovert
19706,Extrovert
19707,Extrovert
19708,Extrovert
19709,Extrovert
19710,Extrovert
19712,Extrovert
19713,Introvert
19717,Extrovert
19718,Extrovert
19719,Extrovert
19720,Extrovert
19721,Extrovert
19722,Extrovert
19728,Extrovert
19729,Introvert
19730,Extrovert
19733,Extrovert
19734,Extrovert
19735,Extrovert
19736,Introvert
19737,Extrovert
19739,Extrovert
19740,Extrovert
19744,Extrovert
19745,Extrovert
19746,Introvert
19748,Extrovert
19749,Extrovert
19753,Extrovert
19754,Extrovert
19755,Extrovert
19756,Extrovert
19757,Extrovert
19765,Extrovert
19766,Extrovert
19767,Extrovert
19768,Introvert
19769,Extrovert
19770,Extrovert
19773,Introvert
19774,Extrovert
19775,Extrovert
19778,Extrovert
19781,Extrovert
19784,Extrovert
19785,Extrovert
19788,Extrovert
19789,Extrovert
19792,Extrovert
19793,Introvert
19794,Extrovert
19795,Extrovert
19798,Introvert
19799,Extrovert
19801,Extrovert
19802,Extrovert
19806,Extrovert
19807,Extrovert
19808,Extrovert
19809,Extrovert
19810,Extrovert
19812,Extrovert
19813,Extrovert
19815,Extrovert
19816,Introvert
19817,Extrovert
19819,Extrovert
19820,Extrovert
19821,Extrovert
19822,Extrovert
19827,Extrovert
19832,Extrovert
19833,Extrovert
19834,Extrovert
19837,Extrovert
19839,Extrovert
19840,Extrovert
19843,Introvert
19845,Extrovert
19849,Introvert
19850,Extrovert
19851,Extrovert
19853,Introvert
19854,Extrovert
19855,Extrovert
19858,Extrovert
19859,Introvert
19863,Extrovert
19865,Extrovert
19866,Extrovert
19868,Extrovert
19871,Extrovert
19872,Extrovert
19876,Extrovert
19880,Extrovert
19883,Extrovert
19885,Extrovert
19887,Extrovert
19888,Extrovert
19889,Extrovert
19890,Introvert
19891,Extrovert
19892,Extrovert
19893,Extrovert
19899,Extrovert
19901,Extrovert
19902,Extrovert
19903,Extrovert
19904,Extrovert
19906,Extrovert
19908,Extrovert
19909,Extrovert
19911,Extrovert
19912,Extrovert
19915,Extrovert
19916,Extrovert
19918,Extrovert
19919,Introvert
19921,Extrovert
19924,Introvert
19925,Extrovert
19927,Extrovert
19929,Introvert
19930,Extrovert
19931,Extrovert
19933,Extrovert
19934,Extrovert
19937,Extrovert
19938,Extrovert
19940,Extrovert
19941,Extrovert
19942,Extrovert
19944,Introvert
19947,Introvert
19948,Extrovert
19949,Extrovert
19951,Extrovert
19952,Extrovert
19953,Extrovert
19954,Extrovert
19955,Extrovert
19958,Extrovert
19962,Extrovert
19965,Extrovert
19967,Extrovert
19969,Extrovert
19970,Extrovert
19974,Extrovert
19975,Extrovert
19976,Extrovert
19977,Extrovert
19980,Extrovert
19981,Extrovert
19982,Extrovert
19983,Extrovert
19984,Extrovert
19985,Extrovert
19987,Extrovert
19989,Extrovert
19990,Extrovert
19991,Extrovert
19993,Extrovert
19995,Extrovert
19997,Introvert
19999,Introvert
20000,Introvert
20001,Introvert
20005,Extrovert
20006,Extrovert
20007,Extrovert
20009,Introvert
20013,Extrovert
20015,Introvert
20017,Introvert
20021,Extrovert
20022,Extrovert
20023,Extrovert
20027,Extrovert
20028,Extrovert
20029,Extrovert
20030,Extrovert
20032,Extrovert
20034,Extrovert
20041,Extrovert
20042,Extrovert
20043,Extrovert
20044,Extrovert
20045,Introvert
20046,Introvert
20047,Introvert
20050,Extrovert
20052,Extrovert
20055,Extrovert
20056,Extrovert
20057,Introvert
20058,Extrovert
20060,Extrovert
20061,Extrovert
20062,Extrovert
20063,Extrovert
20064,Introvert
20065,Extrovert
20070,Extrovert
20071,Introvert
20072,Introvert
20073,Extrovert
20074,Extrovert
20075,Introvert
20077,Extrovert
20078,Extrovert
20080,Extrovert
20086,Extrovert
20088,Extrovert
20089,Extrovert
20091,Extrovert
20094,Extrovert
20096,Introvert
20099,Extrovert
20101,Extrovert
20102,Extrovert
20104,Extrovert
20105,Extrovert
20106,Extrovert
20108,Extrovert
20109,Extrovert
20110,Extrovert
20111,Introvert
20112,Introvert
20113,Extrovert
20114,Extrovert
20115,Extrovert
20118,Extrovert
20121,Extrovert
20122,Extrovert
20125,Extrovert
20126,Introvert
20129,Extrovert
20131,Extrovert
20134,Extrovert
20135,Introvert
20137,Extrovert
20138,Extrovert
20144,Introvert
20146,Introvert
20148,Extrovert
20149,Extrovert
20150,Extrovert
20152,Introvert
20153,Introvert
20154,Extrovert
20156,Extrovert
20157,Extrovert
20159,Introvert
20160,Extrovert
20161,Extrovert
20162,Extrovert
20163,Extrovert
20164,Extrovert
20165,Extrovert
20166,Extrovert
20167,Extrovert
20168,Extrovert
20169,Introvert
20170,Introvert
20171,Extrovert
20172,Extrovert
20175,Extrovert
20178,Extrovert
20180,Extrovert
20181,Extrovert
20182,Introvert
20183,Extrovert
20187,Extrovert
20188,Extrovert
20189,Extrovert
20194,Introvert
20196,Extrovert
20197,Extrovert
20199,Extrovert
20202,Extrovert
20203,Extrovert
20205,Introvert
20206,Extrovert
20208,Extrovert
20209,Extrovert
20210,Extrovert
20212,Extrovert
20213,Introvert
20215,Extrovert
20216,Extrovert
20218,Extrovert
20219,Extrovert
20221,Extrovert
20223,Extrovert
20226,Extrovert
20227,Extrovert
20233,Extrovert
20234,Extrovert
20237,Extrovert
20238,Extrovert
20244,Introvert
20245,Extrovert
20246,Extrovert
20247,Extrovert
20250,Extrovert
20251,Extrovert
20252,Introvert
20255,Extrovert
20256,Extrovert
20261,Extrovert
20262,Extrovert
20268,Extrovert
20269,Extrovert
20275,Extrovert
20276,Extrovert
20277,Introvert
20278,Extrovert
20281,Extrovert
20282,Extrovert
20283,Extrovert
20284,Extrovert
20285,Extrovert
20289,Introvert
20290,Extrovert
20291,Extrovert
20292,Extrovert
20293,Introvert
20295,Extrovert
20297,Extrovert
20299,Extrovert
20302,Extrovert
20303,Extrovert
20304,Extrovert
20305,Extrovert
20306,Introvert
20307,Extrovert
20309,Extrovert
20310,Extrovert
20313,Extrovert
20314,Extrovert
20318,Extrovert
20319,Extrovert
20320,Extrovert
20322,Extrovert
20324,Extrovert
20326,Introvert
20327,Extrovert
20329,Extrovert
20333,Extrovert
20335,Extrovert
20337,Extrovert
20338,Extrovert
20340,Extrovert
20341,Extrovert
20343,Extrovert
20344,Extrovert
20345,Extrovert
20350,Extrovert
20351,Extrovert
20352,Extrovert
20354,Extrovert
20357,Extrovert
20358,Introvert
20360,Extrovert
20362,Extrovert
20363,Extrovert
20364,Extrovert
20365,Extrovert
20366,Introvert
20367,Extrovert
20373,Introvert
20374,Extrovert
20375,Extrovert
20379,Extrovert
20380,Extrovert
20382,Extrovert
20384,Extrovert
20386,Extrovert
20388,Extrovert
20389,Extrovert
20392,Extrovert
20393,Introvert
20394,Introvert
20398,Extrovert
20399,Extrovert
20400,Extrovert
20401,Extrovert
20402,Introvert
20403,Extrovert
20404,Extrovert
20405,Extrovert
20406,Extrovert
20412,Extrovert
20414,Extrovert
20416,Extrovert
20419,Extrovert
20422,Introvert
20423,Extrovert
20424,Extrovert
20425,Introvert
20427,Extrovert
20428,Extrovert
20432,Extrovert
20434,Introvert
20438,Extrovert
20439,Extrovert
20440,Extrovert
20441,Extrovert
20442,Extrovert
20443,Extrovert
20444,Introvert
20445,Extrovert
20452,Extrovert
20453,Introvert
20454,Extrovert
20455,Extrovert
20459,Extrovert
20462,Extrovert
20466,Extrovert
20468,Extrovert
20476,Introvert
20479,Introvert
20482,Extrovert
20483,Introvert
20484,Introvert
20488,Extrovert
20492,Introvert
20493,Extrovert
20494,Extrovert
20496,Extrovert
20497,Extrovert
20499,Extrovert
20501,Introvert
20502,Extrovert
20503,Extrovert
20506,Extrovert
20509,Extrovert
20512,Extrovert
20513,Extrovert
20515,Extrovert
20516,Extrovert
20518,Extrovert
20519,Introvert
20520,Extrovert
20527,Extrovert
20528,Introvert
20529,Extrovert
20530,Extrovert
20531,Introvert
20532,Extrovert
20533,Extrovert
20536,Extrovert
20537,Extrovert
20538,Extrovert
20539,Extrovert
20541,Introvert
20544,Extrovert
20549,Extrovert
20550,Extrovert
20552,Extrovert
20555,Extrovert
20556,Introvert
20557,Extrovert
20558,Extrovert
20559,Extrovert
20561,Extrovert
20563,Introvert
20565,Extrovert
20569,Extrovert
20570,Extrovert
20571,Extrovert
20572,Extrovert
20574,Extrovert
20577,Extrovert
20578,Extrovert
20581,Extrovert
20582,Extrovert
20584,Extrovert
20586,Extrovert
20588,Introvert
20589,Extrovert
20591,Extrovert
20592,Extrovert
20593,Extrovert
20594,Extrovert
20596,Extrovert
20598,Extrovert
20600,Extrovert
20604,Extrovert
20605,Extrovert
20607,Extrovert
20608,Extrovert
20609,Extrovert
20610,Extrovert
20611,Extrovert
20612,Extrovert
20613,Introvert
20614,Extrovert
20615,Extrovert
20616,Introvert
20617,Extrovert
20619,Extrovert
20621,Extrovert
20622,Extrovert
20626,Extrovert
20630,Extrovert
20632,Extrovert
20633,Extrovert
20634,Extrovert
20637,Extrovert
20639,Extrovert
20640,Extrovert
20641,Extrovert
20646,Extrovert
20648,Introvert
20649,Extrovert
20653,Extrovert
20654,Introvert
20656,Extrovert
20657,Extrovert
20659,Introvert
20662,Introvert
20663,Extrovert
20667,Extrovert
20669,Extrovert
20673,Extrovert
20675,Extrovert
20676,Extrovert
20678,Extrovert
20679,Extrovert
20682,Extrovert
20683,Extrovert
20684,Extrovert
20685,Introvert
20686,Introvert
20687,Introvert
20688,Extrovert
20691,Extrovert
20693,Extrovert
20698,Extrovert
20700,Extrovert
20703,Extrovert
20708,Extrovert
20709,Extrovert
20711,Extrovert
20712,Extrovert
20715,Extrovert
20716,Extrovert
20717,Introvert
20718,Extrovert
20720,Extrovert
20723,Introvert
20725,Introvert
20726,Extrovert
20727,Introvert
20730,Extrovert
20731,Extrovert
20732,Extrovert
20733,Extrovert
20735,Extrovert
20736,Extrovert
20738,Extrovert
20741,Extrovert
20742,Introvert
20743,Introvert
20744,Extrovert
20746,Extrovert
20747,Extrovert
20749,Extrovert
20750,Extrovert
20751,Introvert
20756,Extrovert
20758,Extrovert
20759,Extrovert
20760,Extrovert
20762,Extrovert
20764,Extrovert
20765,Extrovert
20766,Introvert
20767,Extrovert
20771,Extrovert
20773,Extrovert
20775,Extrovert
20777,Introvert
20780,Extrovert
20781,Extrovert
20782,Extrovert
20783,Introvert
20784,Extrovert
20785,Extrovert
20786,Extrovert
20788,Extrovert
20789,Introvert
20791,Extrovert
20792,Extrovert
20794,Extrovert
20795,Extrovert
20796,Introvert
20797,Extrovert
20798,Extrovert
20799,Extrovert
20802,Extrovert
20803,Extrovert
20806,Extrovert
20807,Extrovert
20815,Extrovert
20819,Extrovert
20822,Extrovert
20823,Extrovert
20825,Extrovert
20827,Introvert
20828,Extrovert
20832,Extrovert
20833,Extrovert
20834,Extrovert
20835,Extrovert
20836,Extrovert
20839,Extrovert
20841,Extrovert
20844,Extrovert
20845,Extrovert
20846,Extrovert
20849,Introvert
20851,Extrovert
20852,Extrovert
20854,Extrovert
20855,Introvert
20856,Introvert
20857,Extrovert
20858,Extrovert
20859,Extrovert
20864,Extrovert
20867,Extrovert
20869,Extrovert
20870,Extrovert
20871,Introvert
20873,Extrovert
20874,Extrovert
20875,Extrovert
20876,Extrovert
20877,Extrovert
20879,Extrovert
20880,Extrovert
20882,Extrovert
20883,Extrovert
20884,Introvert
20888,Extrovert
20890,Extrovert
20896,Extrovert
20897,Extrovert
20898,Introvert
20899,Extrovert
20901,Extrovert
20903,Extrovert
20904,Extrovert
20908,Introvert
20909,Extrovert
20912,Extrovert
20913,Extrovert
20915,Extrovert
20917,Introvert
20918,Extrovert
20919,Extrovert
20920,Extrovert
20921,Extrovert
20926,Extrovert
20927,Extrovert
20930,Extrovert
20933,Extrovert
20934,Introvert
20937,Extrovert
20939,Extrovert
20940,Extrovert
20942,Extrovert
20945,Extrovert
20947,Extrovert
20948,Introvert
20949,Extrovert
20950,Extrovert
20953,Extrovert
20954,Extrovert
20955,Extrovert
20958,Extrovert
20959,Extrovert
20960,Extrovert
20961,Extrovert
20963,Extrovert
20964,Extrovert
20967,Extrovert
20968,Extrovert
20972,Extrovert
20973,Introvert
20975,Extrovert
20976,Extrovert
20977,Extrovert
20978,Extrovert
20979,Extrovert
20980,Extrovert
20981,Extrovert
20982,Extrovert
20983,Introvert
20984,Introvert
20985,Introvert
20987,Extrovert
20989,Extrovert
20990,Extrovert
20992,Introvert
20993,Extrovert
20994,Introvert
20996,Extrovert
20997,Extrovert
20999,Introvert
21008,Extrovert
21009,Extrovert
21010,Extrovert
21012,Introvert
21013,Extrovert
21016,Extrovert
21017,Extrovert
21018,Introvert
21019,Extrovert
21025,Extrovert
21026,Extrovert
21027,Extrovert
21028,Extrovert
21029,Extrovert
21031,Introvert
21032,Introvert
21034,Introvert
21036,Extrovert
21039,Extrovert
21040,Extrovert
21041,Introvert
21042,Extrovert
21043,Extrovert
21046,Extrovert
21047,Extrovert
21048,Extrovert
21049,Extrovert
21050,Extrovert
21051,Introvert
21054,Extrovert
21055,Extrovert
21056,Introvert
21061,Extrovert
21065,Extrovert
21069,Extrovert
21070,Extrovert
21071,Extrovert
21073,Introvert
21074,Extrovert
21076,Extrovert
21079,Extrovert
21080,Extrovert
21082,Extrovert
21083,Extrovert
21085,Extrovert
21086,Extrovert
21089,Extrovert
21090,Extrovert
21091,Extrovert
21095,Extrovert
21096,Extrovert
21098,Extrovert
21099,Extrovert
21101,Extrovert
21102,Extrovert
21104,Introvert
21106,Introvert
21109,Extrovert
21112,Extrovert
21115,Extrovert
21117,Extrovert
21118,Extrovert
21120,Extrovert
21122,Extrovert
21125,Extrovert
21126,Extrovert
21128,Extrovert
21131,Extrovert
21133,Extrovert
21134,Extrovert
21135,Introvert
21137,Introvert
21138,Extrovert
21140,Extrovert
21141,Extrovert
21143,Introvert
21144,Introvert
21147,Extrovert
21148,Extrovert
21151,Extrovert
21155,Introvert
21156,Introvert
21158,Introvert
21162,Introvert
21163,Extrovert
21164,Extrovert
21165,Extrovert
21167,Extrovert
21171,Extrovert
21172,Introvert
21174,Extrovert
21175,Extrovert
21176,Extrovert
21178,Extrovert
21180,Extrovert
21183,Extrovert
21184,Introvert
21185,Extrovert
21190,Extrovert
21191,Extrovert
21192,Extrovert
21193,Extrovert
21194,Extrovert
21195,Extrovert
21196,Extrovert
21197,Extrovert
21198,Introvert
21199,Extrovert
21201,Extrovert
21203,Extrovert
21204,Extrovert
21205,Extrovert
21207,Extrovert
21210,Extrovert
21212,Extrovert
21218,Extrovert
21222,Extrovert
21223,Introvert
21224,Extrovert
21225,Extrovert
21228,Extrovert
21229,Extrovert
21230,Extrovert
21233,Extrovert
21237,Extrovert
21239,Extrovert
21241,Extrovert
21242,Extrovert
21245,Introvert
21246,Extrovert
21251,Extrovert
21252,Introvert
21253,Extrovert
21254,Extrovert
21256,Extrovert
21259,Extrovert
21260,Extrovert
21262,Extrovert
21265,Extrovert
21266,Introvert
21267,Extrovert
21268,Introvert
21269,Extrovert
21270,Extrovert
21272,Introvert
21273,Introvert
21275,Extrovert
21276,Extrovert
21277,Extrovert
21282,Extrovert
21283,Extrovert
21284,Introvert
21285,Extrovert
21286,Introvert
21287,Extrovert
21288,Extrovert
21289,Extrovert
21290,Extrovert
21292,Extrovert
21294,Introvert
21297,Extrovert
21300,Extrovert
21301,Extrovert
21302,Extrovert
21303,Extrovert
21304,Extrovert
21305,Extrovert
21306,Extrovert
21308,Introvert
21309,Extrovert
21310,Extrovert
21312,Introvert
21314,Introvert
21315,Extrovert
21316,Extrovert
21320,Extrovert
21322,Introvert
21323,Extrovert
21325,Introvert
21327,Extrovert
21328,Extrovert
21329,Extrovert
21331,Extrovert
21335,Extrovert
21336,Extrovert
21338,Extrovert
21341,Extrovert
21342,Extrovert
21348,Extrovert
21350,Extrovert
21351,Extrovert
21352,Extrovert
21353,Extrovert
21356,Extrovert
21357,Extrovert
21359,Introvert
21362,Introvert
21363,Extrovert
21365,Extrovert
21367,Extrovert
21369,Extrovert
21374,Extrovert
21375,Extrovert
21377,Extrovert
21380,Extrovert
21382,Extrovert
21384,Extrovert
21385,Extrovert
21386,Extrovert
21387,Extrovert
21388,Extrovert
21389,Introvert
21390,Extrovert
21394,Extrovert
21397,Extrovert
21398,Introvert
21399,Extrovert
21400,Extrovert
21401,Extrovert
21402,Extrovert
21403,Extrovert
21405,Extrovert
21407,Extrovert
21408,Extrovert
21409,Extrovert
21410,Extrovert
21413,Extrovert
21415,Extrovert
21418,Extrovert
21419,Extrovert
21420,Extrovert
21422,Extrovert
21423,Extrovert
21425,Extrovert
21428,Introvert
21430,Extrovert
21431,Extrovert
21432,Extrovert
21436,Extrovert
21439,Extrovert
21441,Extrovert
21443,Extrovert
21446,Extrovert
21447,Extrovert
21449,Extrovert
21451,Extrovert
21452,Extrovert
21453,Extrovert
21454,Extrovert
21455,Introvert
21457,Introvert
21459,Extrovert
21461,Extrovert
21462,Extrovert
21463,Introvert
21467,Extrovert
21468,Extrovert
21469,Extrovert
21470,Extrovert
21471,Extrovert
21472,Extrovert
21473,Extrovert
21475,Extrovert
21476,Extrovert
21477,Extrovert
21479,Extrovert
21484,Introvert
21485,Extrovert
21487,Extrovert
21488,Extrovert
21489,Extrovert
21490,Extrovert
21491,Extrovert
21493,Extrovert
21496,Extrovert
21497,Introvert
21498,Extrovert
21499,Introvert
21500,Extrovert
21502,Extrovert
21504,Extrovert
21505,Extrovert
21507,Extrovert
21509,Extrovert
21510,Extrovert
21511,Extrovert
21513,Extrovert
21514,Extrovert
21516,Extrovert
21521,Extrovert
21526,Extrovert
21527,Extrovert
21528,Extrovert
21534,Extrovert
21537,Introvert
21539,Extrovert
21542,Extrovert
21543,Extrovert
21544,Extrovert
21546,Extrovert
21548,Extrovert
21549,Extrovert
21550,Extrovert
21552,Extrovert
21553,Extrovert
21554,Extrovert
21555,Extrovert
21557,Extrovert
21559,Extrovert
21560,Extrovert
21562,Introvert
21563,Extrovert
21564,Introvert
21565,Introvert
21566,Introvert
21567,Extrovert
21568,Extrovert
21569,Extrovert
21570,Extrovert
21573,Extrovert
21574,Extrovert
21575,Extrovert
21576,Extrovert
21577,Extrovert
21579,Extrovert
21585,Extrovert
21587,Extrovert
21588,Extrovert
21591,Extrovert
21592,Extrovert
21595,Extrovert
21596,Extrovert
21598,Introvert
21600,Extrovert
21603,Extrovert
21605,Introvert
21607,Extrovert
21608,Extrovert
21609,Introvert
21612,Extrovert
21613,Extrovert
21614,Extrovert
21616,Extrovert
21619,Extrovert
21621,Extrovert
21622,Introvert
21623,Extrovert
21625,Extrovert
21626,Extrovert
21627,Extrovert
21630,Extrovert
21637,Extrovert
21638,Introvert
21639,Extrovert
21641,Extrovert
21642,Extrovert
21643,Extrovert
21644,Extrovert
21645,Introvert
21646,Extrovert
21648,Introvert
21649,Extrovert
21651,Introvert
21652,Extrovert
21653,Extrovert
21656,Extrovert
21657,Extrovert
21658,Introvert
21660,Extrovert
21661,Extrovert
21664,Extrovert
21666,Extrovert
21669,Introvert
21671,Extrovert
21673,Introvert
21674,Extrovert
21676,Extrovert
21679,Extrovert
21682,Extrovert
21684,Extrovert
21685,Extrovert
21686,Extrovert
21687,Extrovert
21689,Extrovert
21692,Introvert
21694,Extrovert
21697,Extrovert
21701,Extrovert
21703,Introvert
21704,Extrovert
21706,Extrovert
21710,Introvert
21714,Extrovert
21717,Extrovert
21721,Extrovert
21722,Extrovert
21724,Extrovert
21727,Introvert
21729,Extrovert
21730,Extrovert
21731,Extrovert
21732,Extrovert
21733,Extrovert
21735,Extrovert
21742,Extrovert
21743,Extrovert
21745,Extrovert
21746,Extrovert
21747,Extrovert
21748,Extrovert
21749,Introvert
21750,Extrovert
21752,Extrovert
21753,Extrovert
21754,Extrovert
21755,Extrovert
21757,Extrovert
21758,Extrovert
21759,Extrovert
21761,Extrovert
21763,Extrovert
21764,Extrovert
21765,Extrovert
21767,Extrovert
21769,Extrovert
21770,Extrovert
21771,Extrovert
21772,Extrovert
21777,Extrovert
21779,Extrovert
21780,Introvert
21781,Extrovert
21782,Extrovert
21785,Introvert
21786,Extrovert
21789,Extrovert
21795,Extrovert
21796,Extrovert
21798,Extrovert
21800,Introvert
21801,Extrovert
21802,Extrovert
21804,Extrovert
21806,Extrovert
21807,Extrovert
21809,Extrovert
21810,Extrovert
21813,Extrovert
21816,Extrovert
21817,Introvert
21821,Introvert
21822,Extrovert
21823,Extrovert
21824,Extrovert
21825,Extrovert
21827,Extrovert
21828,Extrovert
21830,Extrovert
21831,Extrovert
21832,Extrovert
21834,Extrovert
21835,Extrovert
21836,Extrovert
21837,Extrovert
21839,Introvert
21840,Extrovert
21843,Introvert
21845,Extrovert
21850,Extrovert
21855,Introvert
21856,Introvert
21857,Extrovert
21858,Extrovert
21859,Extrovert
21862,Extrovert
21863,Extrovert
21865,Extrovert
21868,Extrovert
21869,Introvert
21870,Extrovert
21872,Extrovert
21873,Introvert
21874,Extrovert
21878,Extrovert
21880,Extrovert
21884,Extrovert
21887,Extrovert
21888,Extrovert
21890,Extrovert
21892,Extrovert
21893,Extrovert
21897,Extrovert
21899,Extrovert
21902,Extrovert
21903,Extrovert
21904,Extrovert
21905,Extrovert
21908,Extrovert
21909,Extrovert
21911,Extrovert
21913,Introvert
21915,Introvert
21916,Extrovert
21920,Introvert
21921,Extrovert
21922,Extrovert
21924,Extrovert
21926,Extrovert
21928,Extrovert
21929,Extrovert
21930,Introvert
21933,Extrovert
21934,Extrovert
21936,Extrovert
21938,Extrovert
21940,Extrovert
21941,Introvert
21942,Extrovert
21943,Extrovert
21944,Extrovert
21947,Extrovert
21949,Extrovert
21950,Extrovert
21951,Extrovert
21952,Extrovert
21953,Introvert
21954,Extrovert
21956,Extrovert
21957,Extrovert
21958,Extrovert
21959,Extrovert
21960,Extrovert
21961,Extrovert
21962,Extrovert
21963,Extrovert
21964,Extrovert
21967,Extrovert
21970,Extrovert
21973,Extrovert
21977,Extrovert
21980,Extrovert
21981,Extrovert
21985,Extrovert
21991,Extrovert
21993,Extrovert
21994,Extrovert
21996,Introvert
21998,Extrovert
21999,Introvert
22000,Extrovert
22001,Extrovert
22003,Extrovert
22007,Extrovert
22010,Extrovert
22012,Introvert
22014,Introvert
22015,Extrovert
22018,Extrovert
22020,Extrovert
22021,Extrovert
22026,Extrovert
22028,Extrovert
22029,Extrovert
22031,Extrovert
22032,Extrovert
22036,Extrovert
22037,Extrovert
22038,Extrovert
22039,Extrovert
22040,Extrovert
22041,Extrovert
22043,Introvert
22045,Extrovert
22046,Extrovert
22049,Extrovert
22051,Extrovert
22055,Extrovert
22058,Extrovert
22059,Extrovert
22060,Extrovert
22062,Introvert
22066,Extrovert
22067,Extrovert
22069,Extrovert
22070,Extrovert
22071,Extrovert
22072,Extrovert
22079,Extrovert
22082,Introvert
22084,Extrovert
22085,Extrovert
22086,Extrovert
22089,Extrovert
22090,Extrovert
22091,Extrovert
22092,Extrovert
22093,Extrovert
22099,Extrovert
22100,Extrovert
22104,Extrovert
22105,Introvert
22106,Extrovert
22107,Extrovert
22109,Extrovert
22111,Extrovert
22115,Extrovert
22116,Extrovert
22117,Extrovert
22118,Extrovert
22120,Extrovert
22122,Introvert
22124,Extrovert
22125,Extrovert
22129,Extrovert
22131,Extrovert
22132,Extrovert
22133,Extrovert
22134,Extrovert
22136,Extrovert
22141,Extrovert
22142,Extrovert
22143,Introvert
22144,Introvert
22147,Extrovert
22149,Extrovert
22150,Extrovert
22152,Extrovert
22154,Extrovert
22157,Extrovert
22158,Extrovert
22160,Extrovert
22162,Extrovert
22164,Extrovert
22165,Introvert
22166,Extrovert
22167,Extrovert
22169,Extrovert
22172,Introvert
22175,Introvert
22176,Extrovert
22179,Extrovert
22181,Extrovert
22182,Introvert
22183,Extrovert
22184,Extrovert
22185,Extrovert
22186,Extrovert
22189,Extrovert
22190,Extrovert
22191,Extrovert
22192,Extrovert
22193,Extrovert
22194,Extrovert
22197,Extrovert
22198,Extrovert
22199,Extrovert
22200,Extrovert
22201,Extrovert
22205,Extrovert
22207,Extrovert
22208,Extrovert
22211,Extrovert
22212,Extrovert
22214,Extrovert
22215,Extrovert
22217,Extrovert
22218,Extrovert
22222,Extrovert
22223,Extrovert
22224,Extrovert
22227,Extrovert
22232,Extrovert
22233,Extrovert
22235,Extrovert
22237,Introvert
22238,Extrovert
22240,Extrovert
22241,Extrovert
22243,Introvert
22244,Extrovert
22245,Extrovert
22246,Extrovert
22247,Extrovert
22248,Extrovert
22249,Extrovert
22252,Extrovert
22253,Extrovert
22260,Extrovert
22261,Extrovert
22262,Extrovert
22264,Extrovert
22274,Extrovert
22275,Extrovert
22277,Introvert
22279,Extrovert
22280,Extrovert
22281,Extrovert
22283,Extrovert
22286,Extrovert
22287,Introvert
22288,Extrovert
22289,Extrovert
22293,Extrovert
22296,Extrovert
22299,Extrovert
22300,Extrovert
22301,Extrovert
22304,Extrovert
22305,Extrovert
22311,Extrovert
22314,Extrovert
22315,Introvert
22317,Extrovert
22318,Extrovert
22320,Introvert
22322,Extrovert
22323,Introvert
22324,Extrovert
22325,Introvert
22327,Extrovert
22328,Extrovert
22329,Extrovert
22330,Extrovert
22331,Introvert
22334,Extrovert
22335,Extrovert
22336,Extrovert
22337,Extrovert
22339,Extrovert
22343,Extrovert
22345,Extrovert
22346,Extrovert
22347,Extrovert
22348,Introvert
22352,Extrovert
22353,Extrovert
22355,Extrovert
22356,Introvert
22357,Extrovert
22358,Extrovert
22362,Extrovert
22363,Extrovert
22364,Extrovert
22365,Extrovert
22366,Extrovert
22368,Extrovert
22369,Extrovert
22371,Extrovert
22373,Introvert
22375,Extrovert
22378,Extrovert
22379,Extrovert
22380,Extrovert
22381,Extrovert
22382,Extrovert
22386,Extrovert
22387,Extrovert
22392,Extrovert
22393,Extrovert
22398,Extrovert
22402,Extrovert
22405,Extrovert
22406,Extrovert
22407,Introvert
22408,Extrovert
22409,Extrovert
22411,Extrovert
22412,Extrovert
22413,Introvert
22414,Extrovert
22415,Extrovert
22419,Introvert
22420,Extrovert
22423,Extrovert
22424,Extrovert
22426,Extrovert
22428,Introvert
22430,Extrovert
22431,Extrovert
22432,Extrovert
22433,Extrovert
22436,Introvert
22437,Introvert
22438,Introvert
22441,Extrovert
22443,Extrovert
22444,Extrovert
22448,Extrovert
22449,Extrovert
22450,Extrovert
22453,Extrovert
22454,Introvert
22455,Extrovert
22457,Extrovert
22458,Extrovert
22459,Extrovert
22460,Extrovert
22461,Extrovert
22462,Introvert
22465,Extrovert
22466,Extrovert
22471,Extrovert
22472,Extrovert
22473,Extrovert
22474,Extrovert
22475,Extrovert
22476,Introvert
22477,Extrovert
22479,Extrovert
22480,Extrovert
22481,Introvert
22484,Extrovert
22485,Introvert
22486,Extrovert
22487,Extrovert
22489,Extrovert
22493,Extrovert
22495,Extrovert
22496,Extrovert
22497,Extrovert
22498,Extrovert
22500,Extrovert
22503,Extrovert
22504,Extrovert
22505,Extrovert
22510,Extrovert
22511,Extrovert
22512,Extrovert
22513,Introvert
22514,Extrovert
22515,Extrovert
22516,Extrovert
22517,Extrovert
22518,Extrovert
22519,Extrovert
22520,Extrovert
22521,Extrovert
22523,Introvert
22524,Introvert
22526,Extrovert
22527,Extrovert
22528,Extrovert
22529,Extrovert
22530,Extrovert
22532,Introvert
22533,Extrovert
22535,Extrovert
22536,Extrovert
22537,Introvert
22538,Extrovert
22539,Introvert
22540,Introvert
22543,Extrovert
22546,Extrovert
22547,Extrovert
22549,Introvert
22550,Extrovert
22554,Extrovert
22557,Extrovert
22558,Extrovert
22561,Extrovert
22562,Extrovert
22563,Extrovert
22564,Introvert
22565,Extrovert
22566,Extrovert
22568,Extrovert
22571,Extrovert
22572,Extrovert
22573,Extrovert
22574,Extrovert
22576,Extrovert
22577,Extrovert
22583,Extrovert
22587,Extrovert
22588,Extrovert
22589,Extrovert
22591,Extrovert
22592,Introvert
22593,Extrovert
22594,Extrovert
22595,Extrovert
22596,Extrovert
22598,Extrovert
22599,Extrovert
22600,Extrovert
22601,Extrovert
22602,Extrovert
22605,Extrovert
22606,Introvert
22607,Extrovert
22609,Extrovert
22610,Extrovert
22613,Extrovert
22615,Extrovert
22616,Extrovert
22619,Extrovert
22620,Extrovert
22621,Extrovert
22622,Extrovert
22623,Introvert
22624,Extrovert
22625,Extrovert
22626,Extrovert
22627,Introvert
22630,Introvert
22631,Extrovert
22632,Extrovert
22635,Extrovert
22638,Extrovert
22639,Extrovert
22640,Extrovert
22642,Extrovert
22643,Extrovert
22646,Introvert
22648,Extrovert
22649,Extrovert
22650,Extrovert
22653,Extrovert
22655,Introvert
22656,Extrovert
22657,Extrovert
22661,Extrovert
22664,Extrovert
22666,Extrovert
22667,Extrovert
22671,Extrovert
22672,Extrovert
22674,Extrovert
22676,Extrovert
22677,Extrovert
22680,Extrovert
22682,Introvert
22683,Extrovert
22685,Extrovert
22686,Extrovert
22688,Extrovert
22691,Extrovert
22694,Introvert
22696,Extrovert
22700,Extrovert
22701,Introvert
22704,Extrovert
22708,Extrovert
22709,Extrovert
22710,Extrovert
22711,Introvert
22715,Extrovert
22717,Extrovert
22718,Extrovert
22719,Extrovert
22721,Extrovert
22722,Extrovert
22724,Extrovert
22727,Extrovert
22728,Extrovert
22730,Introvert
22731,Extrovert
22732,Extrovert
22737,Extrovert
22738,Extrovert
22739,Extrovert
22740,Introvert
22741,Extrovert
22743,Extrovert
22746,Extrovert
22747,Extrovert
22750,Extrovert
22751,Introvert
22753,Extrovert
22755,Extrovert
22756,Introvert
22759,Introvert
22760,Extrovert
22761,Extrovert
22762,Extrovert
22763,Extrovert
22764,Extrovert
22766,Extrovert
22767,Extrovert
22768,Extrovert
22769,Introvert
22771,Extrovert
22772,Extrovert
22773,Extrovert
22776,Extrovert
22777,Extrovert
22778,Extrovert
22781,Extrovert
22782,Extrovert
22784,Extrovert
22786,Extrovert
22788,Introvert
22790,Extrovert
22791,Extrovert
22794,Extrovert
22795,Extrovert
22797,Extrovert
22798,Extrovert
22799,Extrovert
22800,Extrovert
22803,Introvert
22805,Extrovert
22808,Extrovert
22809,Introvert
22810,Extrovert
22811,Extrovert
22812,Extrovert
22815,Extrovert
22816,Extrovert
22820,Extrovert
22822,Introvert
22823,Extrovert
22827,Extrovert
22828,Extrovert
22829,Extrovert
22837,Extrovert
22838,Extrovert
22839,Introvert
22840,Extrovert
22841,Extrovert
22844,Extrovert
22847,Extrovert
22848,Introvert
22851,Introvert
22852,Introvert
22853,Extrovert
22854,Extrovert
22855,Extrovert
22856,Introvert
22857,Extrovert
22858,Extrovert
22860,Extrovert
22861,Extrovert
22864,Introvert
22867,Extrovert
22870,Extrovert
22871,Extrovert
22872,Extrovert
22874,Extrovert
22875,Extrovert
22878,Extrovert
22880,Introvert
22881,Introvert
22882,Introvert
22883,Extrovert
22884,Extrovert
22886,Extrovert
22887,Extrovert
22889,Extrovert
22890,Extrovert
22893,Extrovert
22895,Extrovert
22896,Extrovert
22898,Extrovert
22899,Extrovert
22903,Extrovert
22904,Introvert
22906,Extrovert
22907,Introvert
22908,Extrovert
22909,Extrovert
22910,Extrovert
22913,Extrovert
22915,Introvert
22916,Introvert
22917,Extrovert
22919,Extrovert
22920,Extrovert
22922,Extrovert
22928,Introvert
22931,Introvert
22932,Extrovert
22933,Extrovert
22934,Extrovert
22935,Extrovert
22940,Extrovert
22941,Extrovert
22942,Extrovert
22943,Introvert
22947,Extrovert
22951,Extrovert
22952,Extrovert
22956,Extrovert
22959,Extrovert
22962,Extrovert
22964,Extrovert
22967,Extrovert
22968,Introvert
22969,Extrovert
22973,Extrovert
22978,Extrovert
22980,Extrovert
22981,Extrovert
22986,Extrovert
22987,Introvert
22988,Introvert
22989,Extrovert
22990,Extrovert
22991,Introvert
22992,Introvert
22993,Extrovert
22994,Extrovert
22995,Extrovert
22996,Extrovert
22997,Introvert
22998,Extrovert
23001,Extrovert
23002,Extrovert
23003,Extrovert
23004,Extrovert
23005,Introvert
23007,Extrovert
23008,Extrovert
23012,Extrovert
23015,Extrovert
23016,Extrovert
23017,Extrovert
23020,Extrovert
23025,Extrovert
23027,Introvert
23028,Extrovert
23031,Extrovert
23032,Extrovert
23033,Extrovert
23037,Extrovert
23040,Extrovert
23042,Extrovert
23044,Extrovert
23045,Extrovert
23051,Extrovert
23052,Extrovert
23057,Extrovert
23063,Extrovert
23064,Extrovert
23065,Extrovert
23066,Extrovert
23067,Extrovert
23068,Extrovert
23069,Extrovert
23070,Extrovert
23074,Extrovert
23075,Introvert
23077,Introvert
23079,Extrovert
23083,Extrovert
23084,Extrovert
23085,Extrovert
23086,Introvert
23087,Extrovert
23090,Extrovert
23093,Extrovert
23094,Extrovert
23095,Extrovert
23097,Introvert
23100,Extrovert
23101,Introvert
23103,Extrovert
23104,Extrovert
23105,Extrovert
23109,Extrovert
23110,Introvert
23114,Extrovert
23115,Extrovert
23116,Extrovert
23119,Extrovert
23121,Extrovert
23122,Extrovert
23124,Introvert
23125,Extrovert
23130,Extrovert
23134,Extrovert
23135,Extrovert
23136,Extrovert
23139,Extrovert
23141,Introvert
23142,Introvert
23143,Extrovert
23145,Extrovert
23148,Extrovert
23149,Extrovert
23150,Extrovert
23151,Extrovert
23152,Extrovert
23153,Extrovert
23156,Extrovert
23157,Introvert
23160,Extrovert
23162,Extrovert
23164,Extrovert
23165,Introvert
23166,Extrovert
23167,Extrovert
23169,Extrovert
23170,Extrovert
23171,Extrovert
23172,Introvert
23174,Extrovert
23175,Extrovert
23181,Extrovert
23182,Introvert
23183,Extrovert
23185,Extrovert
23186,Extrovert
23188,Extrovert
23191,Introvert
23192,Extrovert
23193,Extrovert
23194,Extrovert
23196,Extrovert
23198,Extrovert
23200,Extrovert
23202,Extrovert
23203,Extrovert
23208,Extrovert
23209,Extrovert
23210,Introvert
23213,Extrovert
23214,Introvert
23215,Extrovert
23220,Introvert
23221,Extrovert
23222,Extrovert
23223,Extrovert
23225,Extrovert
23226,Extrovert
23227,Extrovert
23231,Extrovert
23232,Extrovert
23235,Extrovert
23236,Extrovert
23237,Extrovert
23238,Introvert
23239,Extrovert
23240,Introvert
23243,Extrovert
23244,Introvert
23247,Extrovert
23248,Extrovert
23249,Extrovert
23251,Extrovert
23252,Extrovert
23254,Extrovert
23256,Extrovert
23257,Extrovert
23258,Extrovert
23259,Extrovert
23262,Extrovert
23263,Extrovert
23264,Extrovert
23265,Extrovert
23266,Introvert
23267,Extrovert
23268,Extrovert
23271,Extrovert
23272,Extrovert
23275,Extrovert
23276,Extrovert
23278,Extrovert
23280,Extrovert
23282,Extrovert
23284,Extrovert
23286,Extrovert
23287,Extrovert
23289,Extrovert
23290,Extrovert
23294,Introvert
23295,Extrovert
23298,Extrovert
23301,Extrovert
23302,Extrovert
23306,Extrovert
23307,Extrovert
23309,Introvert
23310,Extrovert
23311,Extrovert
23314,Introvert
23316,Introvert
23318,Extrovert
23319,Extrovert
23323,Introvert
23325,Extrovert
23326,Extrovert
23327,Extrovert
23328,Introvert
23330,Extrovert
23331,Extrovert
23333,Extrovert
23334,Introvert
23336,Introvert
23339,Extrovert
23340,Extrovert
23341,Extrovert
23342,Introvert
23344,Extrovert
23345,Extrovert
23347,Extrovert
23348,Extrovert
23349,Extrovert
23350,Extrovert
23351,Extrovert
23352,Introvert
23353,Extrovert
23355,Extrovert
23362,Extrovert
23363,Extrovert
23365,Extrovert
23367,Extrovert
23368,Extrovert
23369,Extrovert
23371,Extrovert
23372,Extrovert
23374,Extrovert
23377,Extrovert
23378,Extrovert
23379,Extrovert
23384,Extrovert
23385,Extrovert
23389,Introvert
23390,Extrovert
23391,Extrovert
23392,Extrovert
23393,Extrovert
23396,Extrovert
23400,Extrovert
23401,Extrovert
23403,Extrovert
23405,Introvert
23406,Extrovert
23408,Extrovert
23409,Extrovert
23411,Introvert
23413,Extrovert
23415,Extrovert
23417,Extrovert
23419,Extrovert
23420,Extrovert
23421,Extrovert
23422,Extrovert
23425,Extrovert
23427,Extrovert
23428,Extrovert
23429,Extrovert
23435,Extrovert
23437,Extrovert
23438,Introvert
23439,Extrovert
23442,Extrovert
23443,Extrovert
23444,Extrovert
23445,Extrovert
23446,Extrovert
23447,Extrovert
23448,Extrovert
23449,Extrovert
23450,Extrovert
23451,Extrovert
23452,Extrovert
23454,Extrovert
23456,Introvert
23458,Extrovert
23459,Extrovert
23461,Extrovert
23462,Introvert
23463,Extrovert
23464,Extrovert
23468,Introvert
23474,Extrovert
23475,Extrovert
23476,Extrovert
23478,Extrovert
23480,Extrovert
23481,Extrovert
23482,Extrovert
23484,Introvert
23485,Extrovert
23486,Extrovert
23487,Extrovert
23488,Extrovert
23489,Extrovert
23491,Introvert
23493,Introvert
23494,Extrovert
23496,Extrovert
23498,Extrovert
23499,Introvert
23501,Extrovert
23503,Extrovert
23504,Introvert
23506,Extrovert
23507,Extrovert
23509,Introvert
23511,Extrovert
23514,Extrovert
23515,Extrovert
23519,Extrovert
23520,Extrovert
23521,Extrovert
23523,Extrovert
23524,Extrovert
23526,Extrovert
23528,Extrovert
23529,Introvert
23530,Extrovert
23531,Introvert
23532,Extrovert
23533,Extrovert
23534,Extrovert
23536,Extrovert
23537,Extrovert
23538,Extrovert
23539,Extrovert
23543,Extrovert
23544,Extrovert
23547,Extrovert
23550,Extrovert
23553,Extrovert
23555,Extrovert
23559,Introvert
23562,Extrovert
23565,Extrovert
23566,Extrovert
23567,Extrovert
23569,Extrovert
23570,Extrovert
23571,Extrovert
23575,Introvert
23581,Extrovert
23582,Extrovert
23584,Extrovert
23585,Extrovert
23586,Introvert
23588,Extrovert
23593,Extrovert
23596,Introvert
23597,Extrovert
23598,Extrovert
23599,Extrovert
23600,Extrovert
23601,Extrovert
23604,Extrovert
23606,Extrovert
23608,Extrovert
23609,Extrovert
23610,Extrovert
23613,Extrovert
23614,Extrovert
23616,Extrovert
23617,Extrovert
23619,Introvert
23620,Extrovert
23621,Introvert
23622,Extrovert
23625,Extrovert
23630,Extrovert
23633,Extrovert
23634,Introvert
23635,Extrovert
23637,Introvert
23638,Extrovert
23639,Extrovert
23640,Extrovert
23641,Extrovert
23643,Introvert
23646,Extrovert
23647,Extrovert
23649,Extrovert
23650,Extrovert
23655,Introvert
23656,Introvert
23659,Extrovert
23661,Extrovert
23663,Extrovert
23664,Extrovert
23665,Extrovert
23666,Introvert
23670,Extrovert
23673,Introvert
23674,Extrovert
23675,Extrovert
23676,Extrovert
23677,Introvert
23678,Extrovert
23681,Extrovert
23686,Extrovert
23687,Extrovert
23689,Extrovert
23690,Extrovert
23691,Introvert
23695,Extrovert
23700,Extrovert
23701,Introvert
23702,Extrovert
23705,Extrovert
23706,Extrovert
23711,Extrovert
23712,Introvert
23715,Introvert
23716,Extrovert
23719,Extrovert
23720,Extrovert
23723,Extrovert
23724,Extrovert
23726,Extrovert
23727,Extrovert
23728,Extrovert
23730,Extrovert
23732,Extrovert
23733,Extrovert
23734,Introvert
23735,Extrovert
23736,Extrovert
23737,Extrovert
23739,Extrovert
23742,Extrovert
23745,Extrovert
23746,Extrovert
23747,Extrovert
23748,Extrovert
23749,Extrovert
23750,Extrovert
23751,Extrovert
23752,Extrovert
23755,Extrovert
23756,Extrovert
23757,Extrovert
23758,Extrovert
23759,Extrovert
23761,Extrovert
23762,Extrovert
23764,Extrovert
23765,Extrovert
23766,Extrovert
23767,Extrovert
23770,Introvert
23771,Extrovert
23772,Extrovert
23774,Extrovert
23775,Extrovert
23776,Extrovert
23780,Introvert
23782,Extrovert
23783,Extrovert
23784,Extrovert
23786,Extrovert
23787,Extrovert
23792,Extrovert
23794,Extrovert
23796,Extrovert
23797,Extrovert
23798,Extrovert
23800,Extrovert
23801,Introvert
23803,Extrovert
23804,Extrovert
23805,Extrovert
23808,Extrovert
23809,Extrovert
23813,Introvert
23815,Extrovert
23817,Extrovert
23823,Extrovert
23824,Extrovert
23827,Extrovert
23832,Introvert
23833,Extrovert
23834,Extrovert
23836,Extrovert
23838,Extrovert
23839,Extrovert
23842,Introvert
23843,Introvert
23844,Introvert
23845,Extrovert
23847,Extrovert
23849,Extrovert
23850,Extrovert
23851,Extrovert
23852,Extrovert
23853,Extrovert
23854,Introvert
23857,Introvert
23860,Extrovert
23862,Introvert
23863,Extrovert
23864,Extrovert
23869,Extrovert
23872,Extrovert
23873,Extrovert
23875,Extrovert
23876,Extrovert
23877,Introvert
23878,Extrovert
23879,Extrovert
23880,Extrovert
23882,Extrovert
23883,Extrovert
23887,Extrovert
23890,Extrovert
23891,Extrovert
23892,Introvert
23896,Extrovert
23897,Extrovert
23899,Introvert
23901,Extrovert
23902,Extrovert
23903,Extrovert
23904,Extrovert
23905,Extrovert
23906,Extrovert
23907,Extrovert
23909,Extrovert
23910,Extrovert
23913,Extrovert
23914,Extrovert
23916,Extrovert
23917,Introvert
23921,Extrovert
23922,Extrovert
23923,Extrovert
23924,Extrovert
23925,Extrovert
23926,Extrovert
23927,Extrovert
23928,Extrovert
23929,Extrovert
23931,Extrovert
23936,Extrovert
23937,Introvert
23938,Extrovert
23940,Introvert
23942,Extrovert
23943,Extrovert
23946,Extrovert
23947,Extrovert
23950,Extrovert
23952,Extrovert
23953,Extrovert
23961,Extrovert
23962,Extrovert
23963,Introvert
23964,Extrovert
23966,Extrovert
23969,Introvert
23971,Extrovert
23972,Extrovert
23973,Extrovert
23976,Extrovert
23977,Introvert
23978,Extrovert
23979,Extrovert
23980,Extrovert
23982,Extrovert
23983,Extrovert
23986,Introvert
23988,Extrovert
23990,Introvert
23991,Extrovert
23992,Extrovert
23993,Introvert
23994,Extrovert
23995,Extrovert
23999,Extrovert
24000,Extrovert
24001,Extrovert
24002,Extrovert
24003,Extrovert
24004,Extrovert
24005,Extrovert
24006,Extrovert
24007,Extrovert
24008,Extrovert
24009,Extrovert
24010,Extrovert
24012,Extrovert
24013,Introvert
24014,Extrovert
24016,Extrovert
24018,Introvert
24019,Extrovert
24020,Extrovert
24022,Introvert
24023,Extrovert
24025,Extrovert
24030,Introvert
24031,Introvert
24032,Extrovert
24033,Extrovert
24034,Extrovert
24035,Extrovert
24036,Extrovert
24038,Extrovert
24041,Extrovert
24043,Extrovert
24045,Extrovert
24047,Introvert
24050,Extrovert
24052,Extrovert
24058,Extrovert
24060,Extrovert
24063,Extrovert
24065,Extrovert
24066,Extrovert
24070,Introvert
24072,Extrovert
24074,Introvert
24075,Extrovert
24077,Extrovert
24079,Extrovert
24080,Extrovert
24083,Extrovert
24084,Extrovert
24085,Extrovert
24086,Introvert
24088,Extrovert
24089,Extrovert
24090,Extrovert
24093,Extrovert
24095,Extrovert
24096,Extrovert
24097,Extrovert
24101,Extrovert
24103,Extrovert
24104,Introvert
24109,Extrovert
24111,Extrovert
24115,Extrovert
24116,Extrovert
24120,Extrovert
24121,Introvert
24122,Extrovert
24123,Extrovert
24124,Extrovert
24125,Extrovert
24126,Extrovert
24127,Extrovert
24128,Extrovert
24130,Extrovert
24133,Extrovert
24136,Extrovert
24137,Introvert
24138,Extrovert
24139,Extrovert
24142,Introvert
24143,Extrovert
24144,Extrovert
24149,Extrovert
24151,Extrovert
24153,Extrovert
24156,Extrovert
24158,Extrovert
24159,Extrovert
24162,Extrovert
24165,Extrovert
24169,Introvert
24170,Extrovert
24171,Extrovert
24173,Extrovert
24174,Extrovert
24175,Introvert
24177,Extrovert
24178,Extrovert
24180,Introvert
24182,Extrovert
24187,Introvert
24189,Extrovert
24190,Extrovert
24191,Extrovert
24194,Extrovert
24195,Extrovert
24196,Introvert
24198,Introvert
24200,Extrovert
24204,Extrovert
24206,Extrovert
24209,Extrovert
24214,Introvert
24215,Extrovert
24216,Extrovert
24219,Extrovert
24221,Extrovert
24222,Introvert
24224,Extrovert
24225,Extrovert
24226,Introvert
24227,Extrovert
24228,Extrovert
24229,Extrovert
24231,Introvert
24237,Extrovert
24238,Extrovert
24239,Extrovert
24244,Extrovert
24245,Extrovert
24249,Extrovert
24251,Extrovert
24253,Extrovert
24256,Extrovert
24257,Introvert
24259,Extrovert
24261,Extrovert
24262,Extrovert
24267,Extrovert
24271,Extrovert
24272,Introvert
24275,Extrovert
24276,Extrovert
24279,Extrovert
24281,Extrovert
24282,Extrovert
24286,Extrovert
24287,Extrovert
24288,Extrovert
24290,Introvert
24291,Extrovert
24295,Extrovert
24296,Extrovert
24298,Extrovert
24301,Extrovert
24303,Introvert
24305,Extrovert
24306,Extrovert
24307,Extrovert
24310,Extrovert
24311,Extrovert
24313,Introvert
24314,Extrovert
24316,Extrovert
24319,Extrovert
24322,Introvert
24327,Extrovert
24328,Extrovert
24329,Extrovert
24336,Extrovert
24339,Extrovert
24340,Extrovert
24341,Extrovert
24342,Extrovert
24343,Extrovert
24344,Introvert
24346,Extrovert
24349,Extrovert
24350,Extrovert
24351,Introvert
24352,Extrovert
24353,Extrovert
24354,Extrovert
24357,Extrovert
24360,Extrovert
24361,Extrovert
24363,Extrovert
24365,Introvert
24367,Extrovert
24368,Introvert
24370,Introvert
24371,Extrovert
24373,Extrovert
24374,Extrovert
24378,Extrovert
24379,Extrovert
24383,Extrovert
24384,Extrovert
24385,Extrovert
24388,Introvert
24389,Extrovert
24391,Introvert
24392,Introvert
24395,Introvert
24396,Extrovert
24397,Extrovert
24400,Extrovert
24401,Extrovert
24403,Extrovert
24404,Extrovert
24405,Extrovert
24406,Extrovert
24407,Extrovert
24408,Introvert
24409,Extrovert
24411,Extrovert
24413,Extrovert
24416,Extrovert
24417,Extrovert
24418,Extrovert
24419,Extrovert
24426,Extrovert
24427,Extrovert
24428,Introvert
24430,Extrovert
24433,Extrovert
24434,Extrovert
24435,Extrovert
24440,Extrovert
24442,Extrovert
24443,Extrovert
24445,Extrovert
24447,Extrovert
24449,Extrovert
24450,Extrovert
24452,Extrovert
24453,Introvert
24454,Extrovert
24459,Extrovert
24460,Introvert
24461,Extrovert
24463,Extrovert
24464,Extrovert
24465,Extrovert
24468,Introvert
24469,Extrovert
24470,Extrovert
24471,Extrovert
24476,Extrovert
24477,Extrovert
24478,Extrovert
24479,Extrovert
24483,Extrovert
24484,Extrovert
24485,Extrovert
24487,Extrovert
24488,Extrovert
24489,Introvert
24493,Introvert
24494,Extrovert
24503,Extrovert
24505,Extrovert
24509,Extrovert
24513,Extrovert
24515,Extrovert
24517,Extrovert
24521,Extrovert
24522,Introvert
24523,Extrovert
24524,Extrovert
24529,Extrovert
24531,Extrovert
24532,Extrovert
24534,Extrovert
24539,Extrovert
24541,Extrovert
24542,Extrovert
24543,Extrovert
24547,Introvert
24549,Extrovert
24551,Extrovert
24553,Extrovert
24558,Extrovert
24559,Extrovert
24561,Introvert
24562,Extrovert
24563,Extrovert
24565,Extrovert
24568,Extrovert
24571,Extrovert
24575,Extrovert
24577,Extrovert
24578,Extrovert
24579,Extrovert
24582,Introvert
24584,Extrovert
24588,Extrovert
24589,Extrovert
24590,Extrovert
24592,Extrovert
24594,Extrovert
24596,Extrovert
24597,Extrovert
24598,Extrovert
24599,Extrovert
24600,Extrovert
24601,Extrovert
24602,Extrovert
24603,Extrovert
24604,Extrovert
24605,Extrovert
24607,Extrovert
24609,Extrovert
24611,Introvert
24616,Extrovert
24617,Extrovert
24619,Extrovert
24620,Extrovert
24622,Extrovert
24624,Introvert
24627,Extrovert
24628,Extrovert
24630,Extrovert
24632,Extrovert
24634,Extrovert
24635,Extrovert
24638,Extrovert
24643,Extrovert
24644,Extrovert
24645,Introvert
24646,Extrovert
24648,Extrovert
24649,Introvert
24650,Extrovert
24653,Extrovert
24654,Extrovert
24655,Extrovert
24656,Extrovert
24658,Extrovert
24662,Extrovert
24663,Extrovert
24664,Extrovert
24665,Extrovert
24667,Extrovert
24668,Introvert
24669,Introvert
24670,Extrovert
24671,Introvert
24672,Extrovert
24673,Extrovert
24676,Introvert
24679,Extrovert
24680,Extrovert
24681,Extrovert
24682,Extrovert
24684,Extrovert
24686,Extrovert
24687,Extrovert
24688,Extrovert
24689,Extrovert
24691,Extrovert
24694,Extrovert
24695,Introvert
24696,Extrovert
24697,Extrovert
